Keyword	Currency	Avg. monthly searches	Three month change	YoY change	Competition	Competition (indexed value)	Top of page bid (low range)	Top of page bid (high range)
shopping list app	PLN	5000	0%	0%	Low	27	0.87	6.83
grocery list app	PLN	5000	0%	-90%	Low	33	1.54	11.46
shared shopping list	PLN	500	0%	0%	Low	14	2.26	9.09
family shopping list	PLN	500	0%	0%	High	72	2.16	13.40
simple grocery list	PLN	5000	0%	0%	High	78	0.11	9.71
shopping list app for couples	PLN	500	0%	0%	Low	20	1.13	7.94
grocery list app for families	PLN	500	0%	0%	Medium	40	1.99	10.37
wishlist app	PLN	50000	900%	900%	Low	31	2.01	6.08
7 day family meal plan with shopping list	PLN	500	0%	0%	High	91	1.13	12.98
grocery list app free	PLN	5000	0%	0%	Medium	34	1.13	6.17
meal planning app with grocery list	PLN	5000	900%	0%	Medium	55	4.85	22.50
top 10 shopping apps	PLN	5000	0%	-90%	Low	16	0.90	13.58
shared shopping list app	PLN	5000	0%	0%	Low	25	1.60	9.07
shared grocery list app	PLN	5000	0%	0%	Low	25	1.60	9.07
shopping list app android	PLN	5000	900%	900%	Low	14	1.09	5.94
grocery list maker	PLN	5000	0%	-90%	Low	23	2.83	14.22
grocery inventory app	PLN	500	0%	0%	Low	19	1.13	9.69
grocery shopping list app	PLN	5000	0%	-90%	Low	33	1.54	11.46
shopping list app free	PLN	5000	0%	0%	Medium	34	1.13	6.17
grocery receipt app	PLN	500	0%	0%	Low	32	5.42	18.74
google shopping list app	PLN	500	0%	0%	Low	3	1.02	5.15
best grocery list app	PLN	5000	0%	0%	Low	19	0.18	13.15
best shopping list app	PLN	5000	0%	0%	Low	19	0.18	13.15
superbalist app	PLN	5000	0%	0%	High	95	0.22	1.41
shareable grocery list app	PLN	5000	0%	0%	Low	25	1.60	9.07
family grocery list app	PLN	500	0%	0%	Medium	40	1.99	10.37
best grocery shopping apps	PLN	5000	0%	0%	Medium	43	0.40	4.22
online shopping apps list	PLN	500	0%	0%	Low	9	0.05	3.52
shared shopping list app free	PLN	500	0%	0%	Low	21	1.22	8.06
meal planning and grocery list app	PLN	5000	900%	0%	Medium	55	4.85	22.50
listonic app	PLN	5000	0%	0%	Low	5	0.24	4.90
walmart shopping list app	PLN	500	0%	0%	Low	21	0.87	5.27
grocery list app android	PLN	5000	900%	900%	Low	14	1.09	5.94
grocery planning app	PLN	500	0%	0%	Medium	40	4.23	19.29
recipe and grocery list app	PLN	500	0%	0%	Medium	51	3.84	16.04
kroger clicklist app	PLN	500	0%	900%	Low	0		
anylist app	PLN	5000	0%	0%	Low	4	1.32	8.41
meal plan app with grocery list	PLN	5000	900%	0%	Medium	55	4.85	22.50
family shopping list app	PLN	500	0%	0%	Medium	40	1.99	10.37
best free grocery list app for android	PLN	500	0%	0%	Low	21	0.98	5.83
best free grocery list app	PLN	500	0%	0%	Low	24	0.26	6.36
walmart grocery list app	PLN	500	0%	0%	Low	21	0.87	5.27
grocery list app to share with spouse	PLN	50	0%	0%	Medium	38	2.52	13.54
grocery buying app	PLN	50	0%	0%	Medium	42	0.92	28.13
grocery list ideas for family	PLN	500	0%	0%	High	93	0.29	9.30
family meal plan with shopping list	PLN	50	0%	0%	Medium	43	4.94	32.90
grocery app maker	PLN	50	0%	0%	Medium	66	1.97	4.06
grocery list for family of 4	PLN	500	0%	0%	High	71	2.07	19.25
grocery checklist app	PLN	5000	0%	-90%	Low	33	1.54	11.46
recipe shopping list app	PLN	500	0%	0%	Medium	51	3.84	16.04
publix app shopping list	PLN	50	0%	0%	Medium	57		
free shopping list app android	PLN	500	0%	0%	Low	30	0.86	4.44
best shopping list app android	PLN	500	0%	0%	Low	15	0.22	4.96
best grocery list app 2022	PLN	50	0%	0%	Unknown			
home grocery inventory app	PLN	50	0%	0%	Low	25	0.98	11.70
grocery shopping apps to work for	PLN	50	0%	0%	Medium	35	2.60	49.33
create grocery list	PLN	5000	0%	0%	Low	10	1.62	7.13
app with recipes and grocery list	PLN	500	0%	0%	Medium	51	3.84	16.04
shopping list app iphone	PLN	500	0%	0%	Low	9	0.19	5.98
google grocery list app	PLN	500	0%	0%	Low	3	1.02	5.15
shopping list maker	PLN	5000	0%	-90%	Low	23	2.83	14.22
recipe and shopping list app	PLN	500	0%	0%	Medium	51	3.84	16.04
grocery meal planning app	PLN	50	0%	0%	High	80	6.24	22.92
best grocery shopping list app	PLN	5000	0%	0%	Low	19	0.18	13.15
grocery store list app	PLN	5000	0%	-90%	Low	33	1.54	11.46
shopping wishlist app	PLN	500	0%	0%	Low	25	2.11	6.86
my shopping list app	PLN	500	0%	0%	Low	7	1.02	6.68
google shopping list app android	PLN	50	-100%	-100%	Unknown			
online shopping list maker	PLN	500	0%	0%	Low	19	2.29	13.54
recipe app with grocery list	PLN	50	0%	0%	Medium	50	4.16	12.14
meal planning apps with grocery list	PLN	50	0%	0%	Medium	53	4.67	26.87
anylist	PLN	50000	0%	0%	Low	0	1.22	4.82
grocery list app for couples	PLN	500	0%	0%	Low	20	1.13	7.94
meal plan and shopping list app	PLN	5000	900%	0%	Medium	55	4.85	22.50
best free grocery list app for iphone	PLN	50	0%	0%	Low	22	0.15	4.18
app to keep inventory of groceries	PLN	50	0%	0%	Medium	36	1.45	8.60
food shopping apps for iphone	PLN	50	-90%	0%	Low	17	2.96	32.54
meal prep app with shopping list	PLN	50	0%	0%	Medium	49	4.63	14.04
online grocery list maker	PLN	500	0%	0%	Low	19	2.29	13.54
list ease app	PLN	50	0%	-90%	Low	11	1.84	11.51
grocery and meal planning apps	PLN	50	0%	0%	High	67	5.79	22.83
grab paylater merchants list	PLN	50	0%	0%	Low	3		
joint shopping list app	PLN	50	900%	0%	Low	21	2.37	9.09
make a grocery list app	PLN	50	0%	-90%	Medium	35	2.82	13.39
grocery list for family of 4 on a budget	PLN	500	900%	0%	Medium	60	1.50	16.54
best grocery list app android	PLN	500	0%	0%	Low	15	0.22	4.96
free meal planning app with grocery list	PLN	500	0%	0%	Medium	58	3.63	15.74
shareable shopping list	PLN	500	0%	0%	Low	14	2.26	9.09
meal plan shopping list app	PLN	5000	900%	0%	Medium	55	4.85	22.50
aldi shopping list app	PLN	50	0%	0%	Low	3		
cheap grocery list for family of 4	PLN	500	900%	0%	Medium	60	1.50	16.54
recipe app that creates shopping list	PLN	50	0%	0%	Medium	40		
grocery list for family of 5	PLN	500	0%	0%	High	88	2.13	18.90
anylist app for android	PLN	50	0%	0%	Low	0		
italist app	PLN	50	0%	0%	Low	18		
app to do grocery shopping	PLN	50	0%	0%	Medium	38	3.50	68.14
free list apps for iphone	PLN	500	0%	900%	Low	8	1.11	6.43
app to make food with what you have	PLN	50	0%	-90%	Medium	36	1.28	7.04
meal planning and shopping app	PLN	50	0%	0%	Medium	65	6.88	23.78
food shopping list app	PLN	50	0%	0%	Medium	38	1.70	17.24
grocery list app with prices	PLN	50	0%	-90%	Low	20	1.47	8.69
shared shopping list app uk	PLN	50	0%	0%	Low	5		
meal planning app that makes grocery list	PLN	50	0%	0%	Medium	61	5.71	22.87
shopping list app for family	PLN	500	0%	0%	Medium	40	1.99	10.37
best grocery list app for iphone	PLN	500	0%	0%	Low	20	0.14	8.87
cross listing app for iphone	PLN	50	0%	0%	Medium	55	2.86	12.70
meal planning app with pantry inventory	PLN	50	0%	0%	Low	26	0.88	9.86
meal planning app with grocery list free	PLN	50	900%	900%	Medium	51	6.25	23.17
best grocery app for iphone	PLN	50	0%	0%	Medium	39	0.26	35.97
app that creates grocery list from recipes	PLN	50	0%	0%	High	67	5.16	15.73
app that makes grocery list from recipe	PLN	50	900%	0%	Medium	60	6.07	15.95
shop list app	PLN	5000	0%	-90%	Low	33	1.54	11.46
best shopping list app for iphone	PLN	500	0%	0%	Low	20	0.14	8.87
family grocery list	PLN	500	0%	0%	High	72	2.16	13.40
store list app	PLN	50	0%	0%	Medium	38	1.58	5.72
recipe app that makes grocery list	PLN	50	900%	0%	Medium	60	6.07	15.95
grocery list maker from recipes	PLN	50	0%	0%	Medium	39	4.90	13.62
family grocery list on a budget	PLN	500	0%	0%	High	91	1.85	10.24
my grocery list app	PLN	500	0%	0%	Low	7	1.02	6.68
grocery list for family of 3	PLN	500	0%	0%	High	76	3.10	18.94
top grocery shopping apps	PLN	50	0%	0%	Low	31	0.71	10.95
simple grocery list for one	PLN	500	0%	-90%	Medium	65	0.80	15.17
grocery list app iphone	PLN	500	0%	0%	Low	9	0.19	5.98
family meal plan and shopping list	PLN	50	0%	0%	Medium	43	4.94	32.90
best shared shopping list app	PLN	500	0%	0%	Low	18	0.15	11.31
shareable shopping list app	PLN	5000	0%	0%	Low	25	1.60	9.07
healthy grocery list for family of 4	PLN	50	0%	0%	High	67	3.24	21.00
best shared grocery list app	PLN	500	0%	0%	Low	18	0.15	11.31
best app for meal planning and grocery list	PLN	50	0%	0%	Medium	48	6.36	26.82
recipes with shopping list app	PLN	500	0%	0%	Medium	51	3.84	16.04
meal and grocery planner app	PLN	50	0%	0%	Medium	54	3.98	17.56
download shopping list	PLN	500	0%	0%	High	76	0.96	7.99
google shopping list on phone	PLN	50	0%	0%	Low	5		
best grocery inventory app	PLN	50	0%	0%	Low	0		
app for meal planning and shopping list	PLN	50	0%	0%	Medium	53	3.35	18.43
amazon shopping list app	PLN	50	0%	0%	Low	19	1.32	5.68
best meal planning app with grocery list	PLN	500	0%	0%	Medium	60	7.00	25.23
ourgroceries	PLN	5000	0%	0%	Low	0	0.94	8.54
menu and grocery list app	PLN	50	0%	0%	Medium	63	2.93	11.65
best shopping wishlist app	PLN	50	0%	0%	Low	24	2.97	6.74
samsung shopping list app	PLN	50	0%	0%	Low	4		
grocery list for family of 6	PLN	50	0%	0%	Medium	65	2.42	17.27
grocery list app with recipes	PLN	50	0%	0%	High	69	9.89	21.29
grocery app create	PLN	50	0%	0%	High	79	1.13	16.60
best budget grocery list	PLN	50	0%	0%	Medium	51	1.06	14.40
family weekly meal planner with grocery list	PLN	50	0%	0%	High	94	13.42	24.83
free grocery app maker	PLN	50	-100%	0%	Unknown			
grocery list and recipe app	PLN	500	0%	0%	Medium	51	3.84	16.04
group shopping list app	PLN	50	0%	0%	Low	27	1.92	9.19
grocery list on my phone	PLN	50	0%	0%	Medium	36	1.81	4.82
online shopping list app	PLN	50	0%	0%	Low	16	1.76	5.53
grocery and recipe app	PLN	50	0%	0%	Medium	44	5.46	19.58
app to make grocery list from recipes	PLN	50	0%	0%	Medium	63	7.06	19.01
app to track grocery purchases	PLN	50	0%	0%	Low	3		
best app for grocery list and meal planning	PLN	50	0%	0%	Low	32	3.02	16.51
free grocery list app for iphone	PLN	50	0%	0%	Low	28	1.50	7.79
weekly meal planner with grocery list app	PLN	50	-100%	-100%	Unknown			
grocery inventory management app	PLN	50	0%	0%	Low	0		
christmas list app for iphone	PLN	50	0%	-100%	Unknown			
grocery list organizer app	PLN	50	0%	0%	Medium	41	2.44	13.74
food list app	PLN	50	0%	0%	Low	14	0.91	7.83
kroger app shopping list	PLN	50	0%	0%	Low	14		
woolworths shopping list app	PLN	50	0%	0%	Low	11	0.79	4.23
sainsbury's shopping list app	PLN	50	0%	0%	Low	10		
shopping list app with prices	PLN	50	0%	-90%	Low	20	1.47	8.69
grocery shopping list listonic	PLN	50	0%	0%	Low	0		
simple shopping list app	PLN	500	0%	900%	Low	23	0.90	4.24
grocery list app that can be shared	PLN	500	900%	0%	Low	30	1.61	9.89
create grocery list from recipes free	PLN	50	0%	0%	Medium	50	3.90	12.67
collaborative grocery list app	PLN	50	0%	0%	Low	14	2.17	9.09
shared app for grocery list	PLN	50	0%	0%	Low	27	2.39	11.36
grocery list app android free	PLN	500	0%	0%	Low	30	0.86	4.44
best wish list app	PLN	500	0%	0%	Low	29	2.21	6.49
grocery list helper	PLN	50	900%	0%	Medium	46	2.03	21.65
to buy list app	PLN	50	0%	0%	Low	15	1.28	6.63
best recipe and grocery list app	PLN	50	0%	0%	Medium	43	4.78	21.23
grocery list jamaica app	PLN	50	0%	0%	Low	4		
app for grocery list sharing	PLN	5000	0%	0%	Low	25	1.60	9.07
meal planning app grocery list	PLN	50	0%	0%	Medium	43		
best meal planning and grocery list app	PLN	500	0%	0%	Medium	60	7.00	25.23
meal planning pantry inventory app	PLN	50	0%	0%	Low	5		
best grocery store apps	PLN	5000	0%	0%	Medium	43	0.40	4.22
app for family grocery list	PLN	500	0%	0%	Medium	40	1.99	10.37
best family grocery list app	PLN	50	0%	0%	Low	33	0.33	9.71
amazon grocery list app	PLN	50	0%	0%	Low	19	1.32	5.68
shared grocery list	PLN	500	0%	0%	Low	14	2.26	9.09
grocery iq	PLN	500	0%	0%	Low	1		
shopping list app that can be shared	PLN	500	900%	0%	Low	30	1.61	9.89
easy grocery list app	PLN	50	0%	0%	Medium	41	1.11	8.32
pantry list app	PLN	50	0%	0%	Low	17	1.58	3.51
free meal planning and grocery list app	PLN	50	0%	0%	Medium	43	5.34	13.47
kindle shopping list	PLN	50	0%	0%	Low	7		
automated grocery list	PLN	50	0%	0%	Low	26	3.38	13.07
cheap shopping list for family of 4	PLN	500	900%	0%	Medium	60	1.50	16.54
meal planning app with shopping list	PLN	50	0%	0%	Medium	58	5.94	26.07
best free shopping list app	PLN	500	0%	0%	Low	24	0.26	6.36
whole foods shopping list app	PLN	50	0%	0%	Low	15	4.48	14.79
free grocery shopping list app	PLN	50	900%	900%	Low	15	1.05	6.51
grocery app for couples	PLN	50	0%	0%	Low	25	0.11	6.59
shared grocery app	PLN	50	0%	0%	Low	26	1.54	12.75
application for grocery shopping	PLN	5000	-90%	0%	Low	27	1.28	40.75
budget shopping list for family of 4	PLN	50	0%	0%	Medium	38	2.34	6.20
grocery list for family of 5 on a budget	PLN	50	0%	0%	Medium	67	1.23	10.11
app to make shopping list	PLN	50	0%	0%	Low	21	2.33	10.50
group grocery list app	PLN	50	0%	0%	Low	27	1.92	9.19
free grocery list app for android phone	PLN	50	0%	0%	Low	29		
app for shopping list to share	PLN	50	0%	0%	Low	25		
grocery list budget app	PLN	50	0%	0%	Medium	42	4.29	20.61
monthly grocery list for family of 4	PLN	500	0%	-90%	Medium	48	3.80	14.86
grocery list maker free	PLN	50	0%	0%	Low	21	3.05	10.33
healthy family grocery list	PLN	50	0%	0%	High	92	0.19	9.33
$50 a week grocery list for a family of 4	PLN	50	0%	0%	Low	19		
$50 grocery list for family of 3	PLN	50	0%	∞	Low	14		
$50 grocery list for family of 4	PLN	50	0%	0%	Medium	50	3.80	16.48
a simple grocery list	PLN	50	0%	0%	High	79	0.07	6.79
airtable grocery list	PLN	50	0%	0%	Low	14		
aldi grocery list app	PLN	50	0%	0%	Low	3		
aldi shopping list for family of 4	PLN	50	0%	0%	Low	2		
alexa shopping list google keep	PLN	50	-100%	-100%	Unknown			
alexa shopping list on apple watch	PLN	50	0%	0%	Low	0		
alibaba apps list	PLN	50	∞	0%	Low	0		
all online shopping app list	PLN	50	0%	0%	Low	2		
all online shopping apps list	PLN	50	0%	0%	Low	0		
all shopping app list	PLN	50	0%	0%	Low	1		
amazon app store app list	PLN	500	0%	900%	Low	1		
android app for grocery store	PLN	50	-100%	-100%	Unknown			
android grocery list	PLN	5000	900%	900%	Low	14	1.09	5.94
android shared shopping list	PLN	50	0%	0%	Low	9		
android shopping list	PLN	5000	900%	900%	Low	14	1.09	5.94
anylist android	PLN	50	0%	0%	Low	0		
anylist app cost	PLN	50	0%	0%	Low	1		
anylist app for iphone	PLN	50	0%	0%	Low	0		
anylist apple watch	PLN	50	0%	0%	Low	0		
anylist com	PLN	50	0%	0%	Low	0		
anylist complete	PLN	50	0%	0%	Low	0		
anylist download	PLN	50	0%	0%	Low	0		
anylist for apple watch	PLN	50	0%	0%	Low	0		
anylist for mac	PLN	50	0%	-90%	Low	0		
anylist for pc	PLN	50	0%	0%	Low	0		
anylist google play	PLN	50	0%	0%	Low	0		
anylist grocery app	PLN	5000	0%	900%	Low	0		
anylist grocery shopping list	PLN	500	-90%	-90%	Low	4	0.30	9.09
anylist instacart	PLN	50	0%	0%	Low	11		
app anylist	PLN	50	0%	0%	Low	1		
app for dollar general penny items	PLN	50	0%	0%	Low	19		
app for family shopping list	PLN	50	0%	0%	Low	27	3.16	10.99
app for google shopping list	PLN	500	0%	0%	Low	3	1.02	5.15
app for grocery list iphone	PLN	500	0%	0%	Low	9	0.19	5.98
app for making grocery list	PLN	50	0%	0%	Medium	38	1.54	12.57
app for penny items at dollar general	PLN	50	0%	0%	Low	14		
app for shopping list android	PLN	5000	900%	900%	Low	14	1.09	5.94
app for wishlist gifts	PLN	50	0%	0%	Medium	46	1.59	5.83
app grocery list share	PLN	5000	0%	0%	Low	25	1.60	9.07
app listonic	PLN	50	0%	0%	Low	4		
app store shopping list	PLN	50	0%	0%	Low	10		
app store wishlist	PLN	50	0%	-90%	Low	1		
app that converts recipes to grocery list	PLN	50	0%	0%	Medium	49	6.83	16.18
app that creates shopping list from recipe	PLN	50	0%	0%	High	67	5.16	15.73
app that makes shopping list from recipes	PLN	50	900%	0%	Medium	60	6.07	15.95
app that organizes grocery list by aisle	PLN	50	0%	0%	Medium	40	1.54	9.16
app that takes recipes and makes grocery list	PLN	50	0%	0%	Medium	61	7.67	25.47
app that turns recipes into shopping list	PLN	50	0%	0%	High	67	4.59	15.10
app to create shopping list from recipes	PLN	50	0%	0%	Medium	62	3.91	13.63
app to locate items in grocery store	PLN	0	0%	0%	Unknown			
app to make a grocery list	PLN	50	0%	0%	Medium	54	2.17	16.87
app to make wishlist	PLN	50	0%	0%	Medium	45	2.23	6.25
app to scan grocery items	PLN	50	0%	0%	Medium	41	5.17	14.22
app to share grocery list with spouse	PLN	50	0%	0%	Medium	35	1.32	11.63
app wishlist iphone	PLN	50	0%	0%	Low	13		
apple grocery list	PLN	500	0%	-90%	Low	1		
apple grocery list app	PLN	50	0%	0%	Low	3		
apple reminders shopping list	PLN	50	900%	900%	Low	0		
apple shopping list app	PLN	50	0%	0%	Low	3		
apple store apps list	PLN	500	0%	0%	Low	0		
apple store wishlist	PLN	500	0%	0%	Low	1		
apple watch grocery list	PLN	50	0%	0%	Low	4		
apple watch grocery list app	PLN	50	0%	0%	Low	14		
apple watch shopping list	PLN	50	0%	0%	Low	4		
apple watch shopping list app	PLN	50	0%	0%	Low	14		
application wishlist shopping	PLN	50	0%	0%	Low	4		
apps for gift lists	PLN	50	0%	0%	Medium	60	1.89	6.44
asda app shopping list	PLN	50	0%	0%	Low	8		
asda rewards stores list	PLN	50	0%	0%	Unknown			
automated grocery list maker	PLN	50	∞	0%	Low	0		
average family grocery list	PLN	50	0%	0%	Medium	47		
average grocery list for family of 4	PLN	50	0%	0%	Medium	51	0.08	1.63
barcode grocery list	PLN	50	0%	0%	Low	0		
barcode scanner grocery list	PLN	50	0%	0%	Low	16		
barcode scanner shopping list	PLN	50	0%	0%	Low	16		
barcode shopping list	PLN	50	0%	0%	Low	0		
basic family grocery list	PLN	50	0%	0%	Medium	43		
basic grocery list for 3	PLN	50	0%	0%	Medium	66		
basic grocery list for family of 3	PLN	50	0%	0%	High	83	3.00	16.96
basic grocery list for family of 4	PLN	50	0%	0%	Medium	44	2.56	24.30
basic grocery list for family of 5	PLN	50	0%	0%	High	89	2.72	17.48
basic grocery list for family of 6	PLN	50	0%	0%	High	69		
best alexa grocery list app	PLN	50	0%	0%	Low	1		
best alexa shopping list app	PLN	50	0%	0%	Low	0		
best android shopping list	PLN	50	0%	0%	Low	25	0.64	1.26
best app for family grocery list	PLN	50	0%	0%	Medium	41	0.51	10.40
best app for grocery list sharing	PLN	50	0%	0%	Low	13		
best app for grocery shopping list	PLN	5000	0%	0%	Low	19	0.18	13.15
best app for making grocery list	PLN	50	0%	0%	Medium	37	1.35	9.01
best app for recipes and grocery list	PLN	50	0%	0%	High	86		
best app for recipes and shopping list	PLN	50	0%	0%	Medium	55	2.64	16.42
best app for shared grocery list	PLN	500	0%	0%	Low	18	0.15	11.31
best app for shared shopping list	PLN	50	0%	0%	Low	10	0.15	7.00
best app for sharing shopping list	PLN	50	0%	0%	Low	10	0.15	7.00
best app for wishlist	PLN	500	0%	0%	Low	29	2.21	6.49
best app shared grocery list	PLN	50	0%	0%	Low	0		
best app to make grocery list	PLN	50	0%	0%	Medium	39	1.92	15.18
best app to share grocery list	PLN	50	0%	0%	Low	14		
best app to share shopping list	PLN	500	0%	0%	Low	18	0.15	11.31
best apps for meal planning and grocery shopping	PLN	50	0%	0%	Low	32	5.61	15.12
best christmas gift app iphone	PLN	50	0%	-100%	Unknown			
best cross platform shopping list app	PLN	50	0%	0%	Low	0		
best family shopping list app	PLN	50	0%	0%	Low	33	0.33	9.71
best food shopping list app	PLN	50	0%	0%	Low	24	0.23	6.77
best free shopping list app android	PLN	500	0%	0%	Low	21	0.98	5.83
best free shopping list app for iphone	PLN	50	0%	0%	Low	22	0.15	4.18
best grocery app android	PLN	50	0%	0%	Medium	40	0.15	20.77
best grocery app for couples	PLN	50	0%	0%	Medium	41	2.70	46.98
best grocery app ios	PLN	50	0%	0%	Low	25		
best grocery buying app	PLN	50	0%	0%	Medium	51	0.74	2.21
best grocery list app 2020	PLN	0	0%	0%	Unknown			
best grocery list app 2021	PLN	0	0%	0%	Unknown			
best grocery list app alexa	PLN	50	0%	0%	Low	0		
best grocery list app for apple watch	PLN	50	0%	0%	Low	0		
best grocery list app for couples	PLN	50	0%	0%	Low	27	3.19	8.43
best grocery list app for families	PLN	50	0%	0%	Low	33	0.33	9.71
best grocery list app for google home	PLN	50	0%	∞	Medium	50		
best grocery list app for ipad	PLN	50	0%	0%	Low	0		
best grocery list app for iphone 2022	PLN	0	0%	0%	Unknown			
best grocery list app ios	PLN	50	0%	0%	Low	16	0.15	12.30
best grocery list app to share with spouse	PLN	50	0%	0%	Low	21	0.22	20.54
best grocery list app with barcode scanner	PLN	50	∞	0%	Low	0		
best grocery list app with prices	PLN	50	0%	0%	Low	3		
best grocery list for family of 4	PLN	50	0%	0%	Medium	43		
best grocery list for iphone	PLN	50	0%	0%	Low	11		
best grocery shopping app for iphone	PLN	50	0%	0%	Medium	38		
best grocery shopping list app for android	PLN	500	0%	0%	Low	15	0.22	4.96
best grocery store list app	PLN	5000	0%	0%	Low	19	0.18	13.15
best home grocery inventory app	PLN	50	0%	0%	Low	0		
best ios shopping list app	PLN	50	0%	0%	Low	16	0.15	12.30
best meal planner grocery list app	PLN	500	0%	0%	Medium	60	7.00	25.23
best pantry inventory app android	PLN	50	∞	0%	Low	14		
best recipe app with shopping list	PLN	50	0%	0%	Medium	40	6.68	40.27
best recipe grocery app	PLN	50	0%	0%	Low	12		
best recipe grocery list app	PLN	50	0%	0%	Medium	43	4.78	21.23
best recipe shopping list app	PLN	50	0%	0%	Medium	43	4.78	21.23
best shareable grocery list app	PLN	500	0%	0%	Low	18	0.15	11.31
best shareable shopping list app	PLN	500	0%	0%	Low	18	0.15	11.31
best shared grocery list app 2021	PLN	0	0%	0%	Unknown			
best shared grocery list app 2022	PLN	50	0%	0%	Unknown			
best shared shopping list app android	PLN	50	0%	0%	High	71		
best shared shopping list app uk	PLN	50	0%	0%	Low	29		
best shopping list app 2021	PLN	0	0%	0%	Unknown			
best shopping list app 2022	PLN	0	0%	0%	Unknown			
best shopping list app for alexa	PLN	50	0%	0%	Low	0		
best shopping list app for android and iphone	PLN	50	0%	0%	Low	0		
best shopping list app for apple watch	PLN	50	0%	0%	Low	0		
best shopping list app for couples	PLN	50	0%	0%	Low	18		
best shopping list app for google assistant	PLN	50	0%	0%	Unknown			
best shopping list app for google home	PLN	50	0%	0%	Low	0		
best shopping list app google home	PLN	50	-100%	-100%	Unknown			
best shopping list app reddit	PLN	50	0%	0%	Low	0		
best shopping list for iphone	PLN	50	0%	0%	Low	11		
best way to share grocery list	PLN	50	0%	0%	Low	21		
big family grocery list	PLN	50	0%	0%	High	67		
bring list app	PLN	50	0%	0%	Low	2		
bring shopping app	PLN	50	0%	0%	Low	0		
bring shopping list app	PLN	500	900%	0%	Low	1		
bring shopping list google assistant	PLN	50	0%	0%	Low	0		
bring shopping lists	PLN	500	0%	0%	Low	1		
budget family grocery list	PLN	50	0%	0%	Medium	57		
budget family shopping list	PLN	50	0%	0%	Medium	40		
budget grocery list app	PLN	50	0%	0%	Medium	42	4.29	20.61
budget grocery list for family of 3	PLN	50	0%	0%	Medium	43	0.15	8.19
budget grocery list for large family	PLN	50	0%	-100%	Unknown			
buy list app	PLN	50	0%	0%	Low	9		
buy me a pie	PLN	500	0%	0%	Low	1	2.33	11.96
buy me a pie grocery list	PLN	50	-90%	0%	Low	0		
buy sell inventory app	PLN	50	0%	0%	High	76	0.59	51.21
cheap family grocery list	PLN	50	0%	0%	High	67		
cheap grocery list for family of 3	PLN	50	0%	0%	Medium	43	0.15	8.19
cheap grocery list for family of 5	PLN	50	0%	0%	Medium	67	1.23	10.11
christmas gift list app iphone	PLN	50	0%	-100%	Unknown			
christmas gift list tracker	PLN	500	0%	-90%	High	78	1.75	4.26
christmas gift planner app	PLN	50	0%	0%	Medium	36		
christmas gift tracker app	PLN	50	0%	0%	Low	19		
christmas present list app	PLN	500	900%	0%	Low	25	2.02	5.13
christmas shopping list app	PLN	50	0%	0%	High	67	1.57	5.85
christmas wish list app iphone	PLN	50	0%	-100%	Unknown			
coles app share shopping list	PLN	50	0%	0%	Low	3		
coles shopping list app	PLN	50	0%	0%	Low	10		
collaborative grocery list	PLN	50	0%	0%	Low	19	1.84	7.11
collaborative shopping list	PLN	50	0%	0%	Low	19	1.84	7.11
collaborative shopping list app	PLN	50	0%	0%	Low	14	2.17	9.09
communal shopping list app	PLN	50	0%	0%	Low	18		
compare shopping list apps	PLN	50	0%	0%	Low	0		
cooking app with shopping list	PLN	50	-100%	-100%	Unknown			
cooklist app cost	PLN	50	0%	0%	Low	0		
costco family shopping list	PLN	50	0%	0%	Low	4		
costco shopping list for family of 4	PLN	50	0%	0%	Low	7		
countdown shopping list app	PLN	50	0%	0%	Low	14		
couples grocery list app	PLN	50	0%	0%	Low	30	0.14	9.18
create a shopping list on iphone	PLN	50	0%	0%	Low	10		
create grocery list on iphone	PLN	50	0%	0%	Low	11	1.56	6.20
create shopping list iphone	PLN	50	0%	0%	Low	5		
create shopping list on iphone	PLN	50	0%	0%	Low	3		
cross platform grocery list app	PLN	50	0%	0%	Low	18	1.96	9.04
cross platform shopping list app	PLN	50	0%	0%	Low	18	1.96	9.04
digital shopping list	PLN	500	0%	0%	Low	32	1.23	6.99
dollar general app penny items	PLN	50	0%	0%	Low	9		
dollar general penny items app	PLN	50	0%	0%	Low	11	1.73	6.40
dollar general penny list app for iphone	PLN	50	-100%	0%	Unknown			
dollar general penny sale app	PLN	50	0%	0%	Low	18		
dollar general penny saver app	PLN	50	0%	0%	Low	7		
download grocery list app	PLN	50	0%	0%	Medium	48	1.99	10.48
download shopping list app	PLN	50	0%	0%	Medium	48	1.99	10.48
download wish list app	PLN	50	0%	0%	Low	10		
dunzo store listing	PLN	0	0%	-100%	Unknown			
easy food shopping list	PLN	500	0%	0%	Medium	63	0.37	14.24
easy shopping list app	PLN	50	0%	0%	Medium	41	1.11	8.32
easy weekly dinner menu and grocery list	PLN	50	0%	0%	Medium	64	7.02	14.81
etsy listing app	PLN	50	0%	0%	Medium	56	4.41	25.17
family food shopping list	PLN	50	0%	0%	Medium	53		
family grocery shopping list	PLN	50	0%	0%	Medium	53		
family meal plan with grocery list	PLN	50	0%	0%	Medium	43	4.94	32.90
family meal prep recipes and grocery list	PLN	50	0%	0%	High	97	4.07	13.34
family of 3 shopping list	PLN	50	∞	0%	Medium	43		
family of 4 shopping list	PLN	500	0%	0%	High	71	2.07	19.25
family of 5 shopping list	PLN	50	0%	0%	Low	9		
family of four grocery list	PLN	500	0%	0%	High	71	2.07	19.25
family sharing grocery list app	PLN	50	0%	0%	Medium	43	2.56	13.62
family shopping list ideas	PLN	50	0%	0%	High	71		
family weekly shopping list	PLN	50	0%	0%	High	71		
feed your family for 20 a week shopping list	PLN	500	0%	900%	Low	2	0.60	5.67
flavcity bobby approved list app	PLN	0	0%	-100%	Unknown			
flipp grocery list	PLN	50	0%	0%	Low	0		
flipp shopping list	PLN	50	0%	0%	Low	0		
focus to do play store	PLN	50	0%	0%	Low	6		
food list maker	PLN	50	0%	0%	Low	16		
free grocery list organizer	PLN	50	0%	0%	Low	29	2.07	8.04
free grocery shopping apps	PLN	500	900%	9900%	Low	1	1.44	19.71
free online grocery list maker	PLN	50	0%	0%	Low	0		
free print grocery list	PLN	5000	0%	0%	Low	8	0.56	10.94
free shopping list app for iphone	PLN	50	0%	0%	Low	28	1.50	7.79
good app for grocery list	PLN	50	0%	0%	Medium	39	2.14	8.09
good grocery list app	PLN	50	0%	0%	Low	22	0.13	16.03
good shopping list app	PLN	50	0%	0%	Low	12	2.11	6.42
google app for grocery list	PLN	50	0%	0%	Low	10		
google app for shopping list	PLN	50	0%	0%	Low	10		
google app shopping list	PLN	500	0%	0%	Low	3	1.02	5.15
google bring up my shopping list	PLN	50	∞	∞	Low	0		
google go to my shopping list	PLN	50	0%	0%	Low	0		
google grocery app	PLN	50	0%	0%	Low	10		
google play shopping list	PLN	50	0%	0%	Low	16		
google shopping list android	PLN	50	0%	0%	Unknown			
google shopping list app iphone	PLN	0	0%	0%	Unknown			
google shopping list as an app	PLN	0	0%	0%	Unknown			
google shopping list as app	PLN	0	0%	0%	Unknown			
google shopping list iphone	PLN	50	0%	0%	Unknown			
google shopping list offline	PLN	50	0%	0%	Unknown			
google shopping list on android	PLN	50	0%	0%	Unknown			
google shoppinglist	PLN	5000	0%	0%	Low	1	1.99	15.23
google what's on my shopping list	PLN	50	0%	0%	Low	0		
grocery app android studio	PLN	50	0%	0%	Unknown			
grocery app apple watch	PLN	50	-100%	0%	Unknown			
grocery app for android	PLN	500	0%	0%	Low	3	1.86	12.98
grocery app for iphone	PLN	50	-90%	0%	Low	17	2.96	32.54
grocery app ios	PLN	50	0%	0%	Low	2		
grocery app that works with alexa	PLN	50	-100%	-100%	Unknown			
grocery buying apps	PLN	50	0%	0%	High	86		
grocery gadget	PLN	500	0%	0%	Low	1		
grocery gadget android	PLN	50	∞	0%	Low	0		
grocery gadget app	PLN	50	0%	0%	Low	2		
grocery inventory app android	PLN	50	-100%	0%	Unknown			
grocery inventory app for home	PLN	50	0%	0%	Low	6		
grocery iq android	PLN	50	0%	-100%	Unknown			
grocery iq app	PLN	50	0%	0%	Low	1		
grocery iq app for android	PLN	50	∞	0%	Low	0		
grocery iq app for iphone	PLN	50	-100%	-100%	Unknown			
grocery items list app	PLN	50	0%	0%	Low	29	0.39	10.68
grocery list app android and iphone	PLN	50	0%	0%	Low	18	0.34	7.37
grocery list app apple watch	PLN	50	0%	0%	Low	0		
grocery list app for apple watch	PLN	50	0%	0%	Low	14		
grocery list app for multiple users	PLN	50	0%	0%	Low	26	1.89	4.33
grocery list app for pc	PLN	50	0%	0%	Low	29		
grocery list app google	PLN	500	0%	0%	Low	3	1.02	5.15
grocery list app google home	PLN	50	0%	0%	Low	0		
grocery list app ios	PLN	50	0%	0%	Low	3		
grocery list app iphone shared	PLN	50	0%	0%	Low	7		
grocery list app multiple users	PLN	50	0%	0%	Low	0		
grocery list app reddit	PLN	50	0%	0%	Low	0		
grocery list app scan barcode	PLN	50	0%	0%	Low	29	1.13	5.46
grocery list app share iphone android	PLN	50	0%	0%	Low	14	0.15	9.00
grocery list app share with family	PLN	50	0%	0%	Medium	43	1.73	12.33
grocery list app sort by aisle	PLN	50	0%	0%	Medium	45	0.54	10.53
grocery list app sync between phones	PLN	50	∞	0%	Low	14		
grocery list app that adds prices	PLN	50	0%	0%	Medium	43	1.02	5.83
grocery list app that imports recipes	PLN	50	0%	∞	Low	29		
grocery list app that sorts by aisle	PLN	50	0%	0%	Medium	45	0.54	10.53
grocery list app that works with alexa	PLN	50	0%	0%	Low	0		
grocery list app that works with google home	PLN	50	0%	0%	Low	0		
grocery list app to share	PLN	5000	0%	0%	Low	25	1.60	9.07
grocery list app to share with family	PLN	50	0%	0%	Medium	40	2.14	18.58
grocery list app with barcode scanner	PLN	50	0%	0%	Low	29	1.13	5.46
grocery list app with calculator	PLN	50	0%	0%	Low	13	0.10	4.82
grocery list app with categories	PLN	50	0%	0%	Medium	51		
grocery list app with coupons	PLN	50	-100%	-100%	Unknown			
grocery list app with pictures	PLN	50	-90%	0%	Low	20	1.73	10.25
grocery list app with voice recognition	PLN	50	0%	0%	Low	0		
grocery list app you can share	PLN	50	0%	0%	Low	20	2.07	10.19
grocery list application	PLN	5000	0%	0%	Low	27	0.87	6.83
grocery list apps you can share	PLN	50	∞	0%	High	86		
grocery list by aisle app	PLN	50	-100%	0%	Unknown			
grocery list creator app	PLN	50	0%	0%	High	81	2.38	13.97
grocery list family of 3	PLN	500	0%	0%	High	76	3.10	18.94
grocery list for 3 person family	PLN	50	0%	0%	High	76	1.47	9.14
grocery list for 4 person family	PLN	50	0%	0%	Medium	41		
grocery list for a family of 6	PLN	50	0%	0%	Medium	65	2.42	17.27
grocery list for a family of four	PLN	500	0%	0%	High	71	2.07	19.25
grocery list for android phone	PLN	50	∞	∞	Low	14		
grocery list for apple watch	PLN	50	0%	0%	Low	4		
grocery list for big family	PLN	50	0%	0%	Medium	60	1.59	15.61
grocery list for budget families	PLN	500	0%	0%	High	91	1.85	10.24
grocery list for family of 4 under 100	PLN	50	0%	0%	High	71		
grocery list for family of 7	PLN	50	0%	0%	Medium	49	3.65	11.68
grocery list for ipad	PLN	50	0%	0%	Low	22		
grocery list for iphone	PLN	500	900%	900%	Low	4	0.19	4.33
grocery list for large family	PLN	50	0%	0%	Medium	60	1.59	15.61
grocery list for low income families	PLN	50	0%	0%	Low	7		
grocery list for poor family	PLN	50	0%	-100%	Unknown			
grocery list for quick meals	PLN	50	0%	0%	Medium	63	5.26	19.22
grocery list generator app	PLN	50	0%	0%	Low	22		
grocery list ideas for family of 5	PLN	50	0%	0%	Medium	49		
grocery list ipad	PLN	50	0%	0%	Low	22		
grocery list iphone notes	PLN	50	0%	0%	Low	3		
grocery list maker by recipe	PLN	50	0%	0%	Medium	39	4.90	13.62
grocery list maker printable	PLN	50	∞	∞	Low	0		
grocery list maker with prices	PLN	50	0%	0%	Low	11	2.30	9.42
grocery list master	PLN	5000	0%	0%	High	92	0.86	11.28
grocery list notepad app	PLN	50	0%	0%	Medium	52	1.41	3.42
grocery list notes app	PLN	50	0%	0%	Low	9	2.35	8.21
grocery list on a budget for 3	PLN	50	0%	0%	Medium	45	1.65	16.21
grocery list on phone	PLN	50	0%	0%	Low	16	0.90	7.07
grocery list price comparison app	PLN	50	0%	0%	Low	12	5.54	13.37
grocery list scanner	PLN	50	0%	0%	Low	11		
grocery list scanner app	PLN	50	0%	0%	Low	32	0.11	3.54
grocery list software	PLN	50	0%	0%	Low	7		
grocery list tracker	PLN	50	0%	0%	High	87		
grocery list widget	PLN	50	0%	0%	Low	15	1.05	7.60
grocery list with pictures app	PLN	50	-90%	0%	Low	20	1.73	10.25
grocery organizer app	PLN	50	0%	0%	Medium	46	1.47	8.67
grocery reminder app	PLN	50	0%	0%	Low	26	1.22	3.52
grocery share list	PLN	50	0%	0%	Low	0		
grocery shop list app	PLN	5000	0%	-90%	Low	33	1.54	11.46
grocery shopping android	PLN	50	0%	0%	Low	0		
grocery shopping app for family	PLN	50	0%	0%	Medium	62		
grocery shopping app list	PLN	50	0%	0%	Low	4		
grocery shopping apps for iphone	PLN	50	0%	0%	Medium	34		
grocery shopping for 4 on a budget	PLN	50	∞	0%	Low	5		
grocery shopping for family of 4	PLN	50	0%	0%	High	86	0.18	8.32
grocery shopping for family of 6	PLN	50	0%	0%	Medium	50		
grocery shopping list app for android	PLN	50	0%	0%	Low	29	1.69	12.81
grocery shopping list app that can be shared	PLN	500	900%	0%	Low	30	1.61	9.89
grocery shopping list ease	PLN	0	0%	0%	Unknown			
grocery shopping list ease app	PLN	0	0%	0%	Unknown			
grocery shopping list for family of 4	PLN	500	0%	0%	High	71	2.07	19.25
grocery shopping list helper	PLN	50	900%	0%	Medium	46	2.03	21.65
grocery shopping list maker	PLN	5000	0%	-90%	Low	23	2.83	14.22
grocery shopping recipe app	PLN	50	0%	0%	Low	0		
grocery shoppinglist	PLN	5000	900%	900%	Medium	53	1.35	18.59
grocery smart shopping list	PLN	500	0%	0%	Low	8	1.13	13.69
grocery smart shopping list app	PLN	500	0%	0%	Low	4		
grocery store list maker	PLN	5000	0%	-90%	Low	23	2.83	14.22
grocery store shopping list app	PLN	5000	0%	-90%	Low	33	1.54	11.46
grocerygadget	PLN	500	0%	0%	Low	1		
healthy eating grocery list for family	PLN	0	0%	0%	Unknown			
healthy family grocery list on a budget	PLN	0	0%	0%	Unknown			
healthy family shopping list	PLN	50	0%	0%	High	92	0.19	9.33
healthy grocery list app	PLN	50	0%	0%	Medium	57		
healthy grocery list for family of 3	PLN	50	0%	0%	High	87		
healthy grocery list for family of 4 on a budget	PLN	50	0%	-100%	Unknown			
healthy grocery list for family of 5	PLN	50	0%	0%	High	92	2.41	14.26
healthy grocery list for family of 6	PLN	50	0%	0%	High	81		
healthy shopping list app	PLN	50	0%	0%	Medium	57		
healthy shopping list for family of 4	PLN	50	0%	0%	High	67	3.24	21.00
healthy shopping list for family of 5	PLN	50	0%	0%	High	92	2.41	14.26
heb shopping list app	PLN	50	0%	0%	Low	31		
hey google shopping list	PLN	50	0%	0%	Low	3		
home grocery list app	PLN	50	0%	0%	Low	0		
home wish list app	PLN	50	0%	0%	Low	0		
hot wheels collection list app	PLN	50	∞	0%	Low	0		
household grocery inventory app	PLN	50	0%	0%	Low	4		
household grocery list app	PLN	50	-90%	0%	Medium	38	0.56	8.73
household shopping list app	PLN	50	-90%	0%	Medium	38	0.56	8.73
https shoppinglist google com	PLN	50	0%	0%	Low	2		
ibotta grocery list	PLN	50	∞	0%	Low	0		
ibotta list	PLN	50	0%	0%	Low	4		
ibotta list of stores	PLN	50	0%	0%	Low	1		
ibotta shopping list	PLN	50	∞	0%	Low	0		
ibotta store list	PLN	50	0%	0%	Low	1		
icloud shopping list	PLN	50	0%	0%	Low	1		
ikea shopping list app	PLN	50	0%	0%	Low	0		
indian grocery list app	PLN	50	0%	0%	Low	6	0.56	3.13
intellilist android	PLN	50	-100%	-100%	Unknown			
intellilist app	PLN	50	0%	0%	Low	2		
ios best shopping list app	PLN	50	0%	0%	Low	16	0.15	12.30
ios grocery list	PLN	500	0%	0%	Low	3	0.04	10.04
ios shared shopping list	PLN	50	0%	0%	Low	0		
ios shopping list	PLN	50	-90%	0%	Low	0		
ios shopping list app	PLN	50	0%	0%	Low	3		
ipad grocery list	PLN	50	0%	0%	Low	22		
ipad grocery list app	PLN	50	0%	0%	Low	0		
ipad shopping list	PLN	50	0%	0%	Low	22		
iphone grocery list sharing app	PLN	0	0%	0%	Unknown			
iphone shared grocery list	PLN	500	0%	0%	Low	3	0.04	10.04
iphone shared shopping list	PLN	500	0%	0%	Low	3	0.04	10.04
iphone shopping list	PLN	500	900%	900%	Low	4	0.19	4.33
jio store app list	PLN	50	0%	0%	Low	0		
joint grocery list app	PLN	50	900%	0%	Low	21	2.37	9.09
kirana list app	PLN	50	0%	0%	Low	18		
large family grocery list	PLN	50	0%	0%	Medium	43		
linked shopping list app	PLN	50	0%	0%	Low	5		
list app that works with alexa	PLN	50	0%	0%	Low	0		
list ease	PLN	500	0%	0%	Low	1		
list ease app for android	PLN	50	0%	0%	Low	16		
list of cash back apps	PLN	50	0%	0%	High	86		
list of grocery apps	PLN	50	0%	0%	Low	7		
list of grocery delivery apps	PLN	50	0%	0%	Low	21	1.24	4.96
list of online shopping app	PLN	500	0%	0%	Low	13	0.31	9.94
list of play store apps	PLN	50	0%	0%	Low	4		
listonic android	PLN	50	0%	0%	Low	1		
listonic apk	PLN	50	0%	0%	Low	0		
listonic apk mod	PLN	50	0%	0%	Low	0		
listonic app android	PLN	50	0%	0%	Low	0		
listonic app iphone	PLN	50	0%	0%	Low	0		
listonic app store	PLN	50	0%	0%	Low	3		
listonic apple	PLN	50	0%	0%	Low	0		
listonic apple store	PLN	50	0%	0%	Low	0		
listonic com	PLN	50	0%	0%	Low	0		
listonic for pc	PLN	50	0%	∞	Low	0		
listonic google assistant	PLN	50	0%	0%	Low	0		
listonic google home	PLN	50	-100%	-100%	Unknown			
listonic google play	PLN	50	0%	0%	Low	0		
listonic grocery shopping list	PLN	50	0%	-90%	Low	4		
listonic help	PLN	50	∞	∞	Low	0		
listonic mod apk	PLN	50	0%	0%	Low	0		
listonic premium apk	PLN	50	0%	0%	Low	0		
listonic premium features	PLN	50	0%	0%	Low	0		
listonic pro apk	PLN	50	0%	0%	Low	1		
listonic share list	PLN	50	0%	0%	Low	0		
listonic web	PLN	500	0%	0%	Low	0		
listonic web app	PLN	50	0%	0%	Low	0		
lists on apple watch	PLN	50	0%	0%	Low	0		
live shopping list app	PLN	50	0%	0%	Low	26		
make a grocery list on iphone	PLN	50	0%	0%	Low	7		
make a shopping list on iphone	PLN	50	0%	0%	Low	7		
make grocery list app	PLN	50	0%	0%	High	86		
make shopping list on iphone	PLN	50	0%	0%	Low	7		
market list app	PLN	50	0%	0%	Low	15	2.82	10.42
master grocery list app	PLN	50	0%	0%	Low	0		
meal grocery list app	PLN	50	-100%	-100%	Unknown			
meal planning app shopping list	PLN	50	0%	0%	Medium	36	1.90	11.22
menu and shopping list app	PLN	50	0%	0%	Medium	63	2.93	11.65
menu shopping list app	PLN	50	0%	0%	Medium	63	2.93	11.65
microsoft store listing	PLN	50	0%	0%	Low	2		
microsoft to do grocery list	PLN	50	0%	0%	Low	0		
microsoft to do shopping list	PLN	50	0%	0%	Low	0		
microsoft to do store	PLN	50	0%	0%	Low	1		
mighty grocery app	PLN	50	0%	0%	Low	2		
mighty grocery shopping list	PLN	50	0%	0%	Low	5		
mobile grocery list	PLN	50	0%	0%	Low	16		
monthly grocery list app	PLN	50	0%	0%	Low	17		
monthly grocery list for family of 3	PLN	50	0%	0%	Low	29	3.80	17.51
monthly grocery list for family of 5	PLN	50	0%	0%	Medium	45		
monthly grocery list for family of 6	PLN	50	0%	0%	Low	19		
monthly shopping list for family of 4	PLN	500	0%	-90%	Medium	48	3.80	14.86
morrisons shopping list app	PLN	50	0%	0%	Low	14		
multi store grocery app	PLN	50	∞	∞	Low	0		
my app list in play store	PLN	50	0%	0%	Low	0		
my google wishlist	PLN	50	0%	0%	Low	0		
my grocery app	PLN	500	0%	0%	Low	5	1.73	12.79
my grocery list maker	PLN	50	0%	0%	Unknown			
my wishlist play store	PLN	50	-100%	-100%	Unknown			
myshoppinglist google	PLN	50	∞	0%	Low	0		
names of online shopping apps	PLN	500	0%	0%	Low	8	0.35	4.82
names of shopping apps	PLN	500	0%	0%	Low	6	0.06	1.93
new world shopping list app	PLN	50	-100%	0%	Unknown			
ol shopping list app	PLN	50	0%	0%	Low	10		
online grocery list app	PLN	50	0%	0%	Low	16	1.76	5.53
online grocery list maker with prices	PLN	50	0%	0%	Low	0		
online grocery list organizer	PLN	50	0%	0%	Medium	47		
online grocery shopping list maker	PLN	500	0%	0%	Low	19	2.29	13.54
online shared shopping list	PLN	50	0%	0%	Low	7		
online shopping app names list	PLN	50	0%	0%	Low	9	0.17	4.33
online shopping application list	PLN	50	-100%	-100%	Unknown			
online shopping wishlist app	PLN	50	0%	0%	Low	30	3.08	8.64
organize my grocery list	PLN	50	0%	0%	Low	12	3.78	17.13
organize my grocery list by aisle	PLN	50	0%	0%	Medium	42	3.99	19.48
our groceries android	PLN	50	0%	0%	Low	0		
our groceries app android	PLN	50	0%	0%	Low	5		
our groceries app iphone	PLN	50	0%	0%	Low	2		
our groceries app share list	PLN	50	0%	-100%	Unknown			
our groceries share list	PLN	50	0%	0%	Low	0		
our groceries shopping list app	PLN	50	0%	0%	Low	5		
our grocery list app	PLN	50	0%	0%	Low	21		
our shopping list	PLN	50	0%	0%	Low	1		
ourgroceries app	PLN	500	0%	0%	Low	3	0.68	9.88
ourgroceries share list	PLN	50	-100%	-100%	Unknown			
pantry app iphone	PLN	50	-100%	-100%	Unknown			
pantry check grocery list app	PLN	50	0%	0%	Low	0		
penny items dollar general app	PLN	50	0%	∞	Low	7		
penny shopping dollar general app	PLN	50	∞	0%	Low	7		
picture shopping list app	PLN	50	-90%	0%	Low	20	1.73	10.25
play shopping list	PLN	50	0%	0%	Low	19		
play store view wishlist	PLN	50	0%	0%	Low	0		
premade grocery list app	PLN	50	0%	0%	Unknown			
printable grocery list app	PLN	50	0%	0%	Low	29		
publix grocery list app	PLN	50	0%	0%	Low	31		
publix shopping list app	PLN	50	0%	0%	Low	31		
purchase list app	PLN	50	0%	0%	Low	0		
real simple grocery list	PLN	50	0%	0%	Low	0		
recipe and grocery app	PLN	50	0%	0%	Medium	44	5.46	19.58
recipe and shopping app	PLN	50	0%	0%	Medium	57	2.12	15.17
recipe app grocery list	PLN	50	0%	0%	Medium	43		
recipe app shopping list	PLN	500	0%	0%	Medium	51	3.84	16.04
recipe grocery app	PLN	50	0%	0%	Medium	44	5.46	19.58
recipe shopping app	PLN	50	0%	0%	Medium	57	2.12	15.17
recipes with grocery list app	PLN	50	0%	0%	High	71		
reddit grocery list app	PLN	50	0%	0%	Low	0		
reddit shopping list app	PLN	50	0%	0%	Low	0		
reebee share shopping list	PLN	50	0%	∞	Low	0		
reverse grocery list app	PLN	50	0%	0%	Low	20		
safeway shopping list app	PLN	50	0%	∞	Low	0		
scan2list	PLN	50	0%	0%	Low	0		
sell on etsy app download	PLN	50	0%	0%	Low	6		
share a grocery list app	PLN	50	0%	0%	Medium	57		
share a shopping list	PLN	50	0%	0%	Low	17		
share grocery list between iphones	PLN	50	∞	0%	Low	0		
share grocery list iphone	PLN	500	0%	0%	Low	3	0.04	10.04
share instacart shopping list	PLN	50	-100%	-100%	Unknown			
share my shopping list	PLN	50	0%	0%	Low	0		
share ocado shopping list	PLN	50	0%	0%	Low	1		
share woolworths shopping list	PLN	50	0%	0%	Low	0		
shareable grocery list	PLN	500	0%	0%	Low	14	2.26	9.09
shareable shopping list app android	PLN	50	0%	0%	Low	6		
shareable shopping list app iphone	PLN	50	0%	0%	Low	4		
shareable wishlist app	PLN	50	0%	0%	Medium	41	2.84	5.97
shared family grocery list app	PLN	50	0%	0%	Medium	39	1.73	14.26
shared family shopping list	PLN	50	0%	0%	Low	24	2.53	5.68
shared family shopping list app	PLN	50	0%	0%	Low	20	1.99	13.64
shared grocery list app android	PLN	50	0%	0%	Low	6		
shared grocery list app android and iphone	PLN	50	0%	0%	Low	24		
shared grocery list app for iphone and android	PLN	50	0%	0%	Low	14	0.15	9.00
shared grocery list app free	PLN	50	0%	0%	Low	30	1.32	6.21
shared grocery list app iphone	PLN	50	0%	0%	Low	4		
shared grocery list app reddit	PLN	50	0%	0%	Low	0		
shared grocery shopping list app	PLN	5000	0%	0%	Low	25	1.60	9.07
shared grocery store list app	PLN	50	0%	0%	Medium	33		
shared online shopping list	PLN	50	0%	0%	Low	20		
shared shopping	PLN	500	0%	0%	Low	1		
shared shopping app	PLN	50	0%	0%	Low	4		
shared shopping list app android and iphone	PLN	50	0%	0%	Low	21	1.82	7.72
shared shopping list app iphone and android	PLN	50	0%	0%	Low	14	0.15	9.00
shared wish list app	PLN	50	0%	0%	Medium	43		
shopee favorites list desktop	PLN	50	0%	0%	Low	0		
shopee wish list	PLN	50	0%	0%	Low	5		
shopkick stores list	PLN	50	0%	-100%	Unknown			
shopkins list app	PLN	50	∞	0%	Low	0		
shoplist app	PLN	50	0%	0%	Low	1		
shopping checklist app	PLN	5000	0%	0%	Low	27	0.87	6.83
shopping list android studio	PLN	50	0%	-100%	Unknown			
shopping list app android and iphone	PLN	50	0%	0%	Low	18	0.34	7.37
shopping list app android studio	PLN	50	0%	-100%	Unknown			
shopping list app compatible with google home	PLN	50	0%	0%	Low	0		
shopping list app family	PLN	50	∞	0%	Low	14		
shopping list app for multiple users	PLN	50	0%	0%	Low	26	1.89	4.33
shopping list app for samsung galaxy	PLN	50	0%	0%	Unknown			
shopping list app multiple users	PLN	50	0%	0%	Low	26	1.89	4.33
shopping list app share between android and iphone	PLN	50	0%	0%	Low	6		
shopping list app share with others	PLN	50	0%	-100%	Unknown			
shopping list app sync multiple devices	PLN	50	0%	0%	Low	11		
shopping list app that works with google home	PLN	50	∞	0%	Low	0		
shopping list app that you can share	PLN	50	0%	0%	Low	20	2.07	10.19
shopping list app with barcode scanner	PLN	50	0%	0%	Low	29	1.13	5.46
shopping list app you can share	PLN	50	0%	0%	Low	20	2.07	10.19
shopping list application	PLN	5000	0%	0%	Low	27	0.87	6.83
shopping list apps for couples	PLN	50	0%	0%	Low	12		
shopping list apps that work with google home	PLN	50	0%	0%	Low	29		
shopping list budget app	PLN	50	0%	0%	Medium	42	4.29	20.61
shopping list calculator app	PLN	50	0%	0%	Low	13	0.10	4.82
shopping list compare prices app	PLN	50	0%	0%	Low	12	5.54	13.37
shopping list ease	PLN	50	0%	∞	Low	3		
shopping list ease app	PLN	50	0%	0%	Unknown			
shopping list family of 4	PLN	50	0%	0%	High	81	3.80	17.07
shopping list for apple watch	PLN	50	0%	0%	Low	4		
shopping list for family of 3	PLN	500	0%	0%	High	76	3.10	18.94
shopping list for family of 5	PLN	500	0%	0%	High	88	2.13	18.90
shopping list for family of 6	PLN	50	0%	0%	Medium	65	2.42	17.27
shopping list for quick easy meals	PLN	50	-100%	0%	Unknown			
shopping list helper	PLN	50	900%	0%	Medium	46	2.03	21.65
shopping list ios app	PLN	50	0%	0%	Low	0		
shopping list maker free	PLN	50	0%	0%	Low	21	3.05	10.33
shopping list maker from recipes	PLN	50	0%	0%	Medium	39	4.90	13.62
shopping list on apple watch	PLN	50	0%	0%	Low	4		
shopping list on phone	PLN	50	0%	0%	Low	23	0.69	4.82
shopping list organizer app	PLN	50	0%	0%	Medium	41	2.44	13.74
shopping list reminder app	PLN	50	0%	0%	Low	7		
shopping list scanner app	PLN	50	0%	0%	Low	32	0.11	3.54
shopping list software	PLN	50	0%	0%	Low	7		
shopping list sticky notes	PLN	50	0%	0%	High	100		
shopping list to share	PLN	50	0%	0%	Low	19		
shopping list voice input	PLN	50	0%	0%	Low	3		
shopping list voice input pro	PLN	50	0%	0%	Low	0		
shopping list web app	PLN	50	0%	0%	Low	3		
shopping list widget android	PLN	50	0%	0%	Low	21	0.41	2.37
shopping list with categories	PLN	5000	0%	0%	High	100	0.18	9.96
shopping list with pictures app	PLN	50	-90%	0%	Low	20	1.73	10.25
shopping planner app	PLN	50	0%	0%	Low	12	2.68	5.37
shoppinglist	PLN	50000	0%	0%	Medium	41	1.24	7.41
shoppinglist com	PLN	50	0%	0%	Low	1		
shoppinglist google com app	PLN	50	0%	0%	Unknown			
shoppinglist google com not working	PLN	50	0%	0%	Unknown			
shoppinglist google con	PLN	500	0%	-90%	Low	0		
shopshop app android	PLN	50	0%	0%	Low	0		
shortcut to google shopping list iphone	PLN	50	0%	0%	Unknown			
simple cheap grocery list	PLN	50	0%	0%	Low	31		
simple groceries	PLN	500	0%	0%	Low	9	2.53	22.53
simple grocery list app	PLN	500	0%	900%	Low	23	0.90	4.24
simple grocery list app iphone	PLN	50	0%	0%	Low	0		
simple grocery list for two	PLN	50	0%	0%	Low	32		
simple grocery list template	PLN	50	0%	0%	High	88		
simple grocery shopping list	PLN	5000	0%	0%	High	78	0.11	9.71
simple healthy grocery list for one	PLN	50	0%	0%	High	96		
simple meal prep grocery list	PLN	50	0%	0%	High	100		
simple shopping list	PLN	500	0%	0%	Low	30	1.17	5.86
simple shopping list template	PLN	50	0%	0%	High	88		
simple start shopping list	PLN	50	0%	0%	Unknown			
simple thanksgiving shopping list	PLN	50	0%	-100%	Unknown			
siri groceries	PLN	50	0%	-90%	Low	2		
siri grocery list	PLN	500	0%	-90%	Low	2		
siri shopping list	PLN	500	0%	-90%	Low	2		
smart grocery list app	PLN	500	0%	0%	Low	4		
smart shopping list app	PLN	500	0%	0%	Low	4		
softlist app	PLN	50	0%	0%	Low	11	0.20	2.28
store listing google play	PLN	500	0%	0%	Low	3	48.91	144.44
super simple shopping list	PLN	50	0%	0%	Low	0		
supermarket list app	PLN	50	0%	0%	Low	8		
swiggy instamart cities list	PLN	50	0%	0%	Low	3		
sync grocery list app	PLN	50	0%	0%	Low	11		
sync shopping list app	PLN	50	0%	0%	Low	11		
target app shopping list	PLN	50	0%	0%	Low	1		
telugu grocery list app	PLN	50	∞	0%	Low	0		
tesco app in store shopping list	PLN	50	0%	0%	Low	0		
tesco app shopping list	PLN	50	0%	0%	Low	5		
tesco groceries create shopping list	PLN	50	∞	∞	Low	0		
tesco groceries shopping lists	PLN	50	0%	0%	Medium	49	0.36	1.45
tesco grocery list	PLN	500	0%	0%	Low	21	0.51	2.66
tesco grocery list online	PLN	50	-100%	-100%	Unknown			
tesco shopping list app	PLN	50	0%	0%	Low	6	0.55	1.54
thanksgiving grocery list real simple	PLN	50	0%	-100%	Unknown			
that shopping list app	PLN	50	0%	0%	Low	3		
the best grocery list app	PLN	50	0%	0%	Low	27	0.19	5.53
the best grocery list app for iphone	PLN	50	0%	∞	Low	14		
the best shopping list app	PLN	50	0%	0%	Low	27	0.19	5.53
the wish list app	PLN	50	0%	0%	Low	17		
todos grocery store	PLN	5000	0%	0%	Low	4	2.52	13.12
top 10 best shopping apps	PLN	50	0%	0%	Low	1		
top 10 grocery app	PLN	50	0%	0%	Low	9	0.40	2.38
top 20 shopping apps	PLN	50	0%	0%	Low	29	1.13	4.73
top 5 grocery app	PLN	50	0%	0%	Low	19		
top grocery list app	PLN	50	0%	0%	Low	14	0.22	5.87
top rated grocery list app	PLN	50	0%	0%	Low	22	0.13	16.03
top shopping list apps	PLN	50	0%	0%	Low	14	0.22	5.87
trader joe's shopping list app	PLN	50	0%	0%	Low	0		
typical family grocery list	PLN	50	0%	0%	Medium	47		
typical grocery list for family of 3	PLN	50	0%	0%	Low	9		
typical grocery list for family of 4	PLN	50	0%	0%	Medium	51	0.08	1.63
typical shopping list for family of four	PLN	50	0%	0%	Medium	51	0.08	1.63
visual grocery list app	PLN	500	900%	900%	Low	0		
visual shopping list app	PLN	50	0%	0%	Low	18		
voice activated grocery list app	PLN	50	0%	0%	Low	14		
voice activated grocery list maker	PLN	50	0%	∞	Low	0		
voice activated shopping list app	PLN	50	0%	0%	Low	14		
voice grocery list app	PLN	50	0%	0%	Low	5		
voice shopping list app iphone	PLN	50	0%	-100%	Unknown			
waitrose shopping list app	PLN	50	0%	0%	Low	0		
walmart app grocery list	PLN	50	0%	0%	Low	3		
walmart app share list	PLN	50	0%	0%	Low	0		
want list app	PLN	50	0%	0%	Low	21		
weekly grocery list for 4	PLN	50	0%	0%	Low	0		
weekly grocery list for family of 4	PLN	50	900%	900%	Medium	60	2.76	18.09
weekly grocery list for family of 5	PLN	50	0%	0%	High	79	1.98	16.25
weekly shopping list for 3	PLN	50	0%	-100%	Unknown			
weekly shopping list for 4	PLN	50	0%	0%	High	100		
weekly shopping list for family of 3	PLN	50	0%	0%	Medium	35		
weekly shopping list for family of 4	PLN	50	900%	900%	Medium	60	2.76	18.09
wegmans shopping list app	PLN	50	0%	0%	Low	14		
whatsapp grocery	PLN	500	0%	0%	Low	0		
whatsapp shopping list	PLN	50	0%	0%	Low	0		
whole foods grocery list app	PLN	50	0%	0%	Low	15	4.48	14.79
wish list maker app	PLN	500	0%	0%	Low	31	2.07	6.52
wish list shopee	PLN	500	0%	0%	Low	7	0.25	0.72
wishlist by giftbuster	PLN	50	0%	0%	Low	0		
wishlist in play store	PLN	500	0%	-90%	Low	0		
wishlist on play store	PLN	50	0%	0%	Low	0		
www google com shoppinglist	PLN	50	0%	0%	Low	0		
yummly shopping list	PLN	50	0%	-100%	Unknown			
ziplist grocery list	PLN	50	0%	0%	Low	0		
offline shopping list app	PLN		 --	 --	Unknown			
